SED_IB,Length_ft,BoardFeet
5,8,5.0
6,8,10.0
7,8,15.0
8,8,20.0
9,8,25.0
10,8,30.0
11,8,35.0
12,8,35.0
13,8,35.0
14,8,45.0
15,8,55.0
16,8,65.0
17,8,75.0
18,8,85.0
19,8,95.0
20,8,110.0
21,8,125.0
22,8,135.0
23,8,155.0
24,8,170.0
25,8,185.0
26,8,205.0
27,8,220.0
28,8,240.0
29,8,260.0
30,8,280.0
5,10,5.0
6,10,15.0
7,10,20.0
8,10,30.0
9,10,40.0
10,10,45.0
11,10,55.0
12,10,55.0
13,10,70.0
14,10,80.0
15,10,95.0
16,10,110.0
17,10,125.0
18,10,140.0
19,10,155.0
20,10,170.0
21,10,190.0
22,10,210.0
23,10,235.0
24,10,255.0
25,10,280.0
26,10,305.0
27,10,330.0
28,10,360.0
29,10,385.0
30,10,410.0
5,12,10.0
6,12,15.0
7,12,25.0
8,12,35.0
9,12,45.0
10,12,55.0
11,12,55.0
12,12,70.0
13,12,85.0
14,12,100.0
15,12,115.0
16,12,130.0
17,12,150.0
18,12,170.0
19,12,190.0
20,12,210.0
21,12,235.0
22,12,260.0
23,12,285.0
24,12,310.0
25,12,340.0
26,12,370.0
27,12,400.0
28,12,430.0
29,12,465.0
30,12,495.0
5,14,10.0
6,14,20.0
7,14,30.0
8,14,45.0
9,14,55.0
10,14,70.0
11,14,70.0
12,14,85.0
13,14,100.0
14,14,115.0
15,14,135.0
16,14,150.0
17,14,160.0
18,14,180.0
19,14,200.0
20,14,225.0
21,14,250.0
22,14,280.0
23,14,305.0
24,14,335.0
25,14,370.0
26,14,400.0
27,14,435.0
28,14,470.0
29,14,510.0
30,14,545.0
4,16,10.0
5,16,20.0
6,16,20.0
7,16,30.0
8,16,30.0
9,16,40.0
10,16,60.0
11,16,70.0
12,16,80.0
13,16,100.0
14,16,110.0
15,16,140.0
16,16,160.0
17,16,180.0
18,16,210.0
19,16,240.0
20,16,280.0
21,16,300.0
22,16,330.0
23,16,380.0
24,16,400.0
25,16,460.0
26,16,500.0
27,16,550.0
28,16,580.0
29,16,610.0
30,16,660.0
31,16,710.0
32,16,740.0
33,16,780.0
34,16,800.0
35,16,880.0
36,16,920.0
37,16,1030.0
38,16,1070.0
39,16,1120.0
40,16,1200.0
41,16,1270.0
42,16,1340.0
43,16,1400.0
44,16,1480.0
45,16,1520.0
46,16,1590.0
47,16,1660.0
48,16,1730.0
49,16,1800.0
50,16,1870.0
51,16,1950.0
52,16,2020.0
53,16,2100.0
54,16,2180.0
55,16,2270.0
56,16,2350.0
57,16,2440.0
58,16,2520.0
59,16,2610.0
60,16,2700.0
61,16,2770.0
62,16,2860.0
63,16,2940.0
64,16,3020.0
65,16,3100.0
66,16,3190.0
67,16,3270.0
68,16,3350.0
69,16,3440.0
70,16,3520.0
4,17,10.0
5,17,20.0
6,17,20.0
7,17,30.0
8,17,30.0
9,17,40.0
10,17,60.0
11,17,70.0
12,17,80.0
13,17,100.0
14,17,120.0
15,17,150.0
16,17,170.0
17,17,200.0
18,17,230.0
19,17,250.0
20,17,300.0
21,17,320.0
22,17,350.0
23,17,400.0
24,17,430.0
25,17,490.0
26,17,530.0
27,17,580.0
28,17,620.0
29,17,650.0
30,17,700.0
31,17,750.0
32,17,780.0
33,17,830.0
34,17,850.0
35,17,930.0
36,17,980.0
37,17,1090.0
38,17,1130.0
39,17,1190.0
40,17,1280.0
41,17,1350.0
42,17,1430.0
43,17,1480.0
44,17,1570.0
45,17,1610.0
46,17,1680.0
47,17,1760.0
48,17,1840.0
49,17,1910.0
50,17,1990.0
51,17,2070.0
52,17,2150.0
53,17,2240.0
54,17,2320.0
55,17,2410.0
56,17,2500.0
57,17,2590.0
58,17,2680.0
59,17,2780.0
60,17,2870.0
61,17,2950.0
62,17,3040.0
63,17,3120.0
64,17,3210.0
65,17,3300.0
66,17,3390.0
67,17,3480.0
68,17,3570.0
69,17,3650.0
70,17,3740.0
4,18,10.0
5,18,20.0
6,18,20.0
7,18,30.0
8,18,30.0
9,18,50.0
10,18,70.0
11,18,80.0
12,18,100.0
13,18,120.0
14,18,140.0
15,18,160.0
16,18,180.0
17,18,210.0
18,18,240.0
19,18,270.0
20,18,310.0
21,18,340.0
22,18,380.0
23,18,420.0
24,18,450.0
25,18,520.0
26,18,560.0
27,18,620.0
28,18,650.0
29,18,680.0
30,18,740.0
31,18,800.0
32,18,830.0
33,18,880.0
34,18,900.0
35,18,980.0
36,18,1040.0
37,18,1160.0
38,18,1200.0
39,18,1260.0
40,18,1350.0
41,18,1430.0
42,18,1510.0
43,18,1570.0
44,18,1670.0
45,18,1710.0
46,18,1780.0
47,18,1860.0
48,18,1940.0
49,18,2020.0
50,18,2110.0
51,18,2190.0
52,18,2280.0
53,18,2370.0
54,18,2460.0
55,18,2550.0
56,18,2640.0
57,18,2740.0
58,18,2840.0
59,18,2940.0
60,18,3040.0
61,18,3120.0
62,18,3210.0
63,18,3310.0
64,18,3400.0
65,18,3490.0
66,18,3580.0
67,18,3680.0
68,18,3770.0
69,18,3860.0
70,18,3960.0
4,19,10.0
5,19,20.0
6,19,20.0
7,19,30.0
8,19,40.0
9,19,50.0
10,19,70.0
11,19,80.0
12,19,90.0
13,19,110.0
14,19,140.0
15,19,170.0
16,19,190.0
17,19,220.0
18,19,250.0
19,19,280.0
20,19,330.0
21,19,360.0
22,19,400.0
23,19,450.0
24,19,480.0
25,19,540.0
26,19,590.0
27,19,650.0
28,19,690.0
29,19,720.0
30,19,780.0
31,19,840.0
32,19,870.0
33,19,930.0
34,19,950.0
35,19,1040.0
36,19,1100.0
37,19,1220.0
38,19,1270.0
39,19,1330.0
40,19,1430.0
41,19,1510.0
42,19,1570.0
43,19,1660.0
44,19,1760.0
45,19,1800.0
46,19,1880.0
47,19,1970.0
48,19,2050.0
49,19,2130.0
50,19,2220.0
51,19,2310.0
52,19,2400.0
53,19,2500.0
54,19,2590.0
55,19,2690.0
56,19,2790.0
57,19,2890.0
58,19,3000.0
59,19,3100.0
60,19,3210.0
61,19,3290.0
62,19,3390.0
63,19,3490.0
64,19,3590.0
65,19,3690.0
66,19,3790.0
67,19,3890.0
68,19,3990.0
69,19,4090.0
70,19,4190.0
4,20,10.0
5,20,20.0
6,20,20.0
7,20,30.0
8,20,40.0
9,20,50.0
10,20,70.0
11,20,80.0
12,20,100.0
13,20,120.0
14,20,140.0
15,20,180.0
16,20,200.0
17,20,230.0
18,20,270.0
19,20,300.0
20,20,350.0
21,20,380.0
22,20,420.0
23,20,470.0
24,20,500.0
25,20,570.0
26,20,620.0
27,20,680.0
28,20,730.0
29,20,760.0
30,20,820.0
31,20,890.0
32,20,920.0
33,20,980.0
34,20,1000.0
35,20,1090.0
36,20,1150.0
37,20,1290.0
38,20,1330.0
39,20,1400.0
40,20,1500.0
41,20,1590.0
42,20,1680.0
43,20,1740.0
44,20,1850.0
45,20,1900.0
46,20,1980.0
47,20,2070.0
48,20,2160.0
49,20,2250.0
50,20,2340.0
51,20,2430.0
52,20,2530.0
53,20,2630.0
54,20,2730.0
55,20,2830.0
56,20,2940.0
57,20,3040.0
58,20,3150.0
59,20,3270.0
60,20,3380.0
61,20,3470.0
62,20,3570.0
63,20,3680.0
64,20,3780.0
65,20,3880.0
66,20,3990.0
67,20,4090.0
68,20,4200.0
69,20,4300.0
70,20,4400.0
4,21,10.0
5,21,20.0
6,21,30.0
7,21,30.0
8,21,40.0
9,21,50.0
10,21,70.0
11,21,90.0
12,21,100.0
13,21,130.0
14,21,150.0
15,21,190.0
16,21,210.0
17,21,240.0
18,21,280.0
19,21,310.0
20,21,370.0
21,21,400.0
22,21,440.0
23,21,490.0
24,21,530.0
25,21,600.0
26,21,660.0
27,21,720.0
28,21,760.0
29,21,800.0
30,21,860.0
31,21,930.0
32,21,970.0
33,21,1030.0
34,21,1050.0
35,21,1150.0
36,21,1210.0
37,21,1350.0
38,21,1400.0
39,21,1470.0
40,21,1580.0
41,21,1670.0
42,21,1760.0
43,21,1830.0
44,21,1940.0
45,21,1990.0
46,21,2080.0
47,21,2170.0
48,21,2270.0
49,21,2360.0
50,21,2460.0
51,21,2550.0
52,21,2660.0
53,21,2760.0
54,21,2870.0
55,21,2970.0
56,21,3090.0
57,21,3200.0
58,21,3310.0
59,21,3430.0
60,21,3550.0
61,21,3640.0
62,21,3750.0
63,21,3860.0
64,21,3970.0
65,21,4080.0
66,21,4190.0
67,21,4300.0
68,21,4410.0
69,21,4520.0
70,21,4630.0
4,22,10.0
5,22,20.0
6,22,30.0
7,22,40.0
8,22,40.0
9,22,50.0
10,22,80.0
11,22,90.0
12,22,110.0
13,22,130.0
14,22,160.0
15,22,200.0
16,22,220.0
17,22,250.0
18,22,290.0
19,22,330.0
20,22,380.0
21,22,420.0
22,22,460.0
23,22,520.0
24,22,550.0
25,22,630.0
26,22,690.0
27,22,750.0
28,22,800.0
29,22,840.0
30,22,900.0
31,22,980.0
32,22,1010.0
33,22,1080.0
34,22,1100.0
35,22,1200.0
36,22,1270.0
37,22,1420.0
38,22,1470.0
39,22,1540.0
40,22,1660.0
41,22,1750.0
42,22,1850.0
43,22,1920.0
44,22,2040.0
45,22,2090.0
46,22,2180.0
47,22,2280.0
48,22,2380.0
49,22,2470.0
50,22,2570.0
51,22,2680.0
52,22,2780.0
53,22,2890.0
54,22,3000.0
55,22,3120.0
56,22,3230.0
57,22,3350.0
58,22,3470.0
59,22,3590.0
60,22,3720.0
61,22,3820.0
62,22,3930.0
63,22,4040.0
64,22,4160.0
65,22,4270.0
66,22,4390.0
67,22,4500.0
68,22,4620.0
69,22,4730.0
70,22,4850.0
4,23,10.0
5,23,20.0
6,23,30.0
7,23,40.0
8,23,40.0
9,23,60.0
10,23,80.0
11,23,100.0
12,23,110.0
13,23,140.0
14,23,160.0
15,23,200.0
16,23,230.0
17,23,270.0
18,23,310.0
19,23,340.0
20,23,400.0
21,23,440.0
22,23,480.0
23,23,540.0
24,23,580.0
25,23,660.0
26,23,720.0
27,23,790.0
28,23,840.0
29,23,870.0
30,23,910.0
31,23,1020.0
32,23,1060.0
33,23,1130.0
34,23,1150.0
35,23,1260.0
36,23,1330.0
37,23,1480.0
38,23,1530.0
39,23,1610.0
40,23,1730.0
41,23,1830.0
42,23,1930.0
43,23,2010.0
44,23,2130.0
45,23,2180.0
46,23,2280.0
47,23,2380.0
48,23,2480.0
49,23,2580.0
50,23,2690.0
51,23,2800.0
52,23,2910.0
53,23,3020.0
54,23,3140.0
55,23,3260.0
56,23,3380.0
57,23,3500.0
58,23,3630.0
59,23,3760.0
60,23,3890.0
61,23,3990.0
62,23,4110.0
63,23,4230.0
64,23,4350.0
65,23,4470.0
66,23,4590.0
67,23,4710.0
68,23,4830.0
69,23,4950.0
70,23,5070.0
4,24,20.0
5,24,30.0
6,24,30.0
7,24,40.0
8,24,40.0
9,24,60.0
10,24,90.0
11,24,100.0
12,24,120.0
13,24,150.0
14,24,170.0
15,24,210.0
16,24,240.0
17,24,280.0
18,24,320.0
19,24,360.0
20,24,420.0
21,24,460.0
22,24,500.0
23,24,560.0
24,24,610.0
25,24,690.0
26,24,750.0
27,24,820.0
28,24,870.0
29,24,910.0
30,24,990.0
31,24,1070.0
32,24,1100.0
33,24,1180.0
34,24,1200.0
35,24,1310.0
36,24,1380.0
37,24,1540.0
38,24,1600.0
39,24,1680.0
40,24,1810.0
41,24,1910.0
42,24,2010.0
43,24,2090.0
44,24,2220.0
45,24,2280.0
46,24,2380.0
47,24,2480.0
48,24,2590.0
49,24,2700.0
50,24,2810.0
51,24,2920.0
52,24,3040.0
53,24,3160.0
54,24,3280.0
55,24,3400.0
56,24,3530.0
57,24,3650.0
58,24,3790.0
59,24,3920.0
60,24,4060.0
61,24,4160.0
62,24,4290.0
63,24,4410.0
64,24,4540.0
65,24,4660.0
66,24,4790.0
67,24,4910.0
68,24,5040.0
69,24,5160.0
70,24,5290.0
4,25,20.0
5,25,30.0
6,25,30.0
7,25,40.0
8,25,50.0
9,25,60.0
10,25,90.0
11,25,100.0
12,25,120.0
13,25,150.0
14,25,180.0
15,25,220.0
16,25,250.0
17,25,290.0
18,25,330.0
19,25,370.0
20,25,440.0
21,25,470.0
22,25,520.0
23,25,590.0
24,25,630.0
25,25,720.0
26,25,780.0
27,25,860.0
28,25,910.0
29,25,950.0
30,25,1030.0
31,25,1110.0
32,25,1150.0
33,25,1220.0
34,25,1250.0
35,25,1370.0
36,25,1440.0
37,25,1610.0
38,25,1670.0
39,25,1750.0
40,25,1880.0
41,25,1990.0
42,25,2100.0
43,25,2180.0
44,25,2310.0
45,25,2370.0
46,25,2480.0
47,25,2590.0
48,25,2700.0
49,25,2810.0
50,25,2920.0
51,25,3040.0
52,25,3160.0
53,25,3290.0
54,25,3410.0
55,25,3540.0
56,25,3670.0
57,25,3810.0
58,25,3940.0
59,25,4080.0
60,25,4220.0
61,25,4330.0
62,25,4460.0
63,25,4590.0
64,25,4720.0
65,25,4850.0
66,25,4980.0
67,25,5110.0
68,25,5240.0
69,25,5370.0
70,25,5500.0
4,26,20.0
5,26,30.0
6,26,30.0
7,26,40.0
8,26,50.0
9,26,60.0
10,26,90.0
11,26,110.0
12,26,130.0
13,26,160.0
14,26,190.0
15,26,230.0
16,26,260.0
17,26,300.0
18,26,350.0
19,26,390.0
20,26,450.0
21,26,490.0
22,26,540.0
23,26,610.0
24,26,660.0
25,26,750.0
26,26,810.0
27,26,890.0
28,26,950.0
29,26,990.0
30,26,1070.0
31,26,1150.0
32,26,1200.0
33,26,1270.0
34,26,1300.0
35,26,1420.0
36,26,1500.0
37,26,1670.0
38,26,1740.0
39,26,1820.0
40,26,1960.0
41,26,2070.0
42,26,2180.0
43,26,2270.0
44,26,2410.0
45,26,2470.0
46,26,2580.0
47,26,2690.0
48,26,2810.0
49,26,2920.0
50,26,3040.0
51,26,3160.0
52,26,3290.0
53,26,3420.0
54,26,3550.0
55,26,3680.0
56,26,3820.0
57,26,3960.0
58,26,4100.0
59,26,4250.0
60,26,4390.0
61,26,4510.0
62,26,4640.0
63,26,4780.0
64,26,4910.0
65,26,5050.0
66,26,5190.0
67,26,5320.0
68,26,5460.0
69,26,5590.0
70,26,5730.0
4,27,20.0
5,27,30.0
6,27,30.0
7,27,40.0
8,27,50.0
9,27,70.0
10,27,100.0
11,27,110.0
12,27,130.0
13,27,160.0
14,27,190.0
15,27,240.0
16,27,270.0
17,27,310.0
18,27,360.0
19,27,400.0
20,27,470.0
21,27,510.0
22,27,560.0
23,27,630.0
24,27,680.0
25,27,770.0
26,27,840.0
27,27,920.0
28,27,980.0
29,27,1030.0
30,27,1110.0
31,27,1200.0
32,27,1240.0
33,27,1320.0
34,27,1350.0
35,27,1480.0
36,27,1560.0
37,27,1740.0
38,27,1800.0
39,27,1890.0
40,27,2030.0
41,27,2150.0
42,27,2270.0
43,27,2350.0
44,27,2500.0
45,27,2560.0
46,27,2680.0
47,27,2790.0
48,27,2920.0
49,27,3030.0
50,27,3160.0
51,27,3280.0
52,27,3420.0
53,27,3550.0
54,27,3690.0
55,27,3820.0
56,27,3970.0
57,27,4110.0
58,27,4260.0
59,27,4410.0
60,27,4560.0
61,27,4680.0
62,27,4820.0
63,27,4960.0
64,27,5100.0
65,27,5240.0
66,27,5380.0
67,27,5520.0
68,27,5660.0
69,27,5800.0
70,27,5940.0
4,28,20.0
5,28,30.0
6,28,30.0
7,28,50.0
8,28,50.0
9,28,70.0
10,28,100.0
11,28,120.0
12,28,140.0
13,28,170.0
14,28,200.0
15,28,250.0
16,28,280.0
17,28,320.0
18,28,370.0
19,28,420.0
20,28,490.0
21,28,530.0
22,28,580.0
23,28,660.0
24,28,710.0
25,28,800.0
26,28,870.0
27,28,960.0
28,28,1020.0
29,28,1070.0
30,28,1150.0
31,28,1240.0
32,28,1290.0
33,28,1370.0
34,28,1400.0
35,28,1530.0
36,28,1610.0
37,28,1800.0
38,28,1870.0
39,28,1960.0
40,28,2110.0
41,28,2230.0
42,28,2350.0
43,28,2440.0
44,28,2590.0
45,28,2660.0
46,28,2770.0
47,28,2900.0
48,28,3020.0
49,28,3140.0
50,28,3280.0
51,28,3410.0
52,28,3540.0
53,28,3680.0
54,28,3820.0
55,28,3970.0
56,28,4110.0
57,28,4260.0
58,28,4420.0
59,28,4570.0
60,28,4730.0
61,28,4850.0
62,28,5000.0
63,28,5140.0
64,28,5290.0
65,28,5430.0
66,28,5580.0
67,28,5720.0
68,28,5870.0
69,28,6010.0
70,28,6160.0
4,29,20.0
5,29,30.0
6,29,40.0
7,29,50.0
8,29,50.0
9,29,70.0
10,29,100.0
11,29,120.0
12,29,140.0
13,29,180.0
14,29,210.0
15,29,260.0
16,29,290.0
17,29,330.0
18,29,390.0
19,29,430.0
20,29,510.0
21,29,550.0
22,29,610.0
23,29,680.0
24,29,730.0
25,29,830.0
26,29,910.0
27,29,990.0
28,29,1050.0
29,29,1100.0
30,29,1190.0
31,29,1290.0
32,29,1330.0
33,29,1420.0
34,29,1450.0
35,29,1590.0
36,29,1670.0
37,29,1870.0
38,29,1940.0
39,29,2030.0
40,29,2180.0
41,29,2300.0
42,29,2430.0
43,29,2530.0
44,29,2680.0
45,29,2750.0
46,29,2870.0
47,29,3000.0
48,29,3130.0
49,29,3260.0
50,29,3390.0
51,29,3530.0
52,29,3670.0
53,29,3810.0
54,29,3960.0
55,29,4110.0
56,29,4260.0
57,29,4410.0
58,29,4570.0
59,29,4740.0
60,29,4900.0
61,29,5030.0
62,29,5180.0
63,29,5330.0
64,29,5480.0
65,29,5630.0
66,29,5780.0
67,29,5930.0
68,29,6080.0
69,29,6230.0
70,29,6380.0
4,30,20.0
5,30,30.0
6,30,40.0
7,30,50.0
8,30,60.0
9,30,70.0
10,30,110.0
11,30,130.0
12,30,150.0
13,30,180.0
14,30,210.0
15,30,270.0
16,30,300.0
17,30,350.0
18,30,400.0
19,30,450.0
20,30,520.0
21,30,570.0
22,30,630.0
23,30,710.0
24,30,760.0
25,30,860.0
26,30,940.0
27,30,1030.0
28,30,1090.0
29,30,1140.0
30,30,1230.0
31,30,1330.0
32,30,1380.0
33,30,1470.0
34,30,1500.0
35,30,1640.0
36,30,1730.0
37,30,1930.0
38,30,2000.0
39,30,2100.0
40,30,2260.0
41,30,2380.0
42,30,2520.0
43,30,2620.0
44,30,2780.0
45,30,2850.0
46,30,2970.0
47,30,3110.0
48,30,3240.0
49,30,3370.0
50,30,3510.0
51,30,3650.0
52,30,3800.0
53,30,3950.0
54,30,4100.0
55,30,4250.0
56,30,4410.0
57,30,4570.0
58,30,4730.0
59,30,4900.0
60,30,5070.0
61,30,5200.0
62,30,5360.0
63,30,5510.0
64,30,5670.0
65,30,5830.0
66,30,5980.0
67,30,6140.0
68,30,6290.0
69,30,6450.0
70,30,6600.0
4,31,20.0
5,31,30.0
6,31,40.0
7,31,50.0
8,31,60.0
9,31,70.0
10,31,110.0
11,31,130.0
12,31,150.0
13,31,190.0
14,31,220.0
15,31,280.0
16,31,310.0
17,31,360.0
18,31,410.0
19,31,460.0
20,31,540.0
21,31,590.0
22,31,650.0
23,31,730.0
24,31,780.0
25,31,890.0
26,31,970.0
27,31,1060.0
28,31,1130.0
29,31,1180.0
30,31,1270.0
31,31,1380.0
32,31,1430.0
33,31,1520.0
34,31,1550.0
35,31,1700.0
36,31,1790.0
37,31,1990.0
38,31,2070.0
39,31,2170.0
40,31,2330.0
41,31,2460.0
42,31,2600.0
43,31,2700.0
44,31,2870.0
45,31,2940.0
46,31,3070.0
47,31,3210.0
48,31,3350.0
49,31,3480.0
50,31,3630.0
51,31,3770.0
52,31,3920.0
53,31,4080.0
54,31,4230.0
55,31,4390.0
56,31,4550.0
57,31,4720.0
58,31,4890.0
59,31,5060.0
60,31,5240.0
61,31,5370.0
62,31,5530.0
63,31,5700.0
64,31,5860.0
65,31,6020.0
66,31,6180.0
67,31,6340.0
68,31,6500.0
69,31,6660.0
70,31,6820.0
4,32,20.0
5,32,30.0
6,32,50.0
7,32,60.0
8,32,70.0
9,32,90.0
10,32,120.0
11,32,140.0
12,32,160.0
13,32,190.0
14,32,230.0
15,32,280.0
16,32,320.0
17,32,370.0
18,32,430.0
19,32,480.0
20,32,560.0
21,32,610.0
22,32,670.0
23,32,750.0
24,32,840.0
25,32,920.0
26,32,1000.0
27,32,1100.0
28,32,1160.0
29,32,1220.0
30,32,1310.0
31,32,1420.0
32,32,1470.0
33,32,1570.0
34,32,1600.0
35,32,1750.0
36,32,1850.0
37,32,2060.0
38,32,2140.0
39,32,2240.0
40,32,2410.0
41,32,2540.0
42,32,2690.0
43,32,2790.0
44,32,2960.0
45,32,3040.0
46,32,3170.0
47,32,3310.0
48,32,3460.0
49,32,3590.0
50,32,3740.0
51,32,3890.0
52,32,4050.0
53,32,4210.0
54,32,4370.0
55,32,4530.0
56,32,4700.0
57,32,4870.0
58,32,5050.0
59,32,5230.0
60,32,5410.0
61,32,5550.0
62,32,5720.0
63,32,5890.0
64,32,6050.0
65,32,6220.0
66,32,6390.0
67,32,6550.0
68,32,6720.0
69,32,6890.0
70,32,7050.0
4,33,20.0
5,33,30.0
6,33,50.0
7,33,60.0
8,33,70.0
9,33,100.0
10,33,130.0
11,33,150.0
12,33,160.0
13,33,200.0
14,33,240.0
15,33,290.0
16,33,330.0
17,33,380.0
18,33,440.0
19,33,490.0
20,33,580.0
21,33,630.0
22,33,690.0
23,33,780.0
24,33,930.0
25,33,950.0
26,33,1030.0
27,33,1130.0
28,33,1200.0
29,33,1260.0
30,33,1350.0
31,33,1460.0
32,33,1520.0
33,33,1620.0
34,33,1650.0
35,33,1800.0
36,33,1900.0
37,33,2120.0
38,33,2200.0
39,33,2310.0
40,33,2480.0
41,33,2620.0
42,33,2770.0
43,33,2880.0
44,33,3050.0
45,33,3130.0
46,33,3270.0
47,33,3420.0
48,33,3560.0
49,33,3710.0
50,33,3860.0
51,33,4010.0
52,33,4180.0
53,33,4340.0
54,33,4500.0
55,33,4670.0
56,33,4850.0
57,33,5020.0
58,33,5200.0
59,33,5390.0
60,33,5580.0
61,33,5720.0
62,33,5890.0
63,33,6060.0
64,33,6240.0
65,33,6410.0
66,33,6580.0
67,33,6750.0
68,33,6920.0
69,33,7100.0
70,33,7270.0
4,34,20.0
5,34,40.0
6,34,50.0
7,34,60.0
8,34,70.0
9,34,100.0
10,34,130.0
11,34,150.0
12,34,170.0
13,34,210.0
14,34,240.0
15,34,300.0
16,34,340.0
17,34,390.0
18,34,450.0
19,34,510.0
20,34,590.0
21,34,650.0
22,34,710.0
23,34,800.0
24,34,860.0
25,34,980.0
26,34,1060.0
27,34,1160.0
28,34,1240.0
29,34,1290.0
30,34,1400.0
31,34,1510.0
32,34,1560.0
33,34,1670.0
34,34,1700.0
35,34,1860.0
36,34,1960.0
37,34,2190.0
38,34,2270.0
39,34,2380.0
40,34,2560.0
41,34,2700.0
42,34,2850.0
43,34,2960.0
44,34,3150.0
45,34,3230.0
46,34,3370.0
47,34,3520.0
48,34,3670.0
49,34,3820.0
50,34,3980.0
51,34,4140.0
52,34,4300.0
53,34,4470.0
54,34,4640.0
55,34,4810.0
56,34,5000.0
57,34,5180.0
58,34,5360.0
59,34,5550.0
60,34,5750.0
61,34,5900.0
62,34,6070.0
63,34,6250.0
64,34,6430.0
65,34,6600.0
66,34,6780.0
67,34,6960.0
68,34,7130.0
69,34,7310.0
70,34,7490.0
4,35,20.0
5,35,40.0
6,35,50.0
7,35,60.0
8,35,80.0
9,35,100.0
10,35,130.0
11,35,160.0
12,35,170.0
13,35,210.0
14,35,250.0
15,35,310.0
16,35,350.0
17,35,400.0
18,35,470.0
19,35,520.0
20,35,610.0
21,35,660.0
22,35,730.0
23,35,820.0
24,35,880.0
25,35,1000.0
26,35,1090.0
27,35,1200.0
28,35,1270.0
29,35,1330.0
30,35,1440.0
31,35,1550.0
32,35,1610.0
33,35,1710.0
34,35,1750.0
35,35,1910.0
36,35,2020.0
37,35,2250.0
38,35,2340.0
39,35,2450.0
40,35,2630.0
41,35,2780.0
42,35,2940.0
43,35,3050.0
44,35,3240.0
45,35,3320.0
46,35,3470.0
47,35,3620.0
48,35,3780.0
49,35,3930.0
50,35,4090.0
51,35,4260.0
52,35,4430.0
53,35,4600.0
54,35,4780.0
55,35,4960.0
56,35,5140.0
57,35,5330.0
58,35,5520.0
59,35,5720.0
60,35,5910.0
61,35,6070.0
62,35,6250.0
63,35,6430.0
64,35,6620.0
65,35,6800.0
66,35,6980.0
67,35,7160.0
68,35,7340.0
69,35,7530.0
70,35,7710.0
4,36,20.0
5,36,40.0
6,36,60.0
7,36,60.0
8,36,80.0
9,36,100.0
10,36,140.0
11,36,160.0
12,36,180.0
13,36,220.0
14,36,260.0
15,36,320.0
16,36,360.0
17,36,420.0
18,36,480.0
19,36,540.0
20,36,630.0
21,36,680.0
22,36,750.0
23,36,850.0
24,36,910.0
25,36,1030.0
26,36,1120.0
27,36,1230.0
28,36,1310.0
29,36,1370.0
30,36,1480.0
31,36,1600.0
32,36,1660.0
33,36,1760.0
34,36,1800.0
35,36,1970.0
36,36,2080.0
37,36,2320.0
38,36,2400.0
39,36,2520.0
40,36,2710.0
41,36,2860.0
42,36,3020.0
43,36,3140.0
44,36,3330.0
45,36,3420.0
46,36,3570.0
47,36,3730.0
48,36,3890.0
49,36,4040.0
50,36,4210.0
51,36,4380.0
52,36,4550.0
53,36,4730.0
54,36,4910.0
55,36,5100.0
56,36,5290.0
57,36,5480.0
58,36,5680.0
59,36,5880.0
60,36,6080.0
61,36,6240.0
62,36,6430.0
63,36,6620.0
64,36,6800.0
65,36,6990.0
66,36,7180.0
67,36,7370.0
68,36,7550.0
69,36,7740.0
70,36,7930.0
4,37,30.0
5,37,40.0
6,37,60.0
7,37,70.0
8,37,80.0
9,37,110.0
10,37,140.0
11,37,170.0
12,37,180.0
13,37,220.0
14,37,260.0
15,37,330.0
16,37,370.0
17,37,430.0
18,37,490.0
19,37,550.0
20,37,650.0
21,37,700.0
22,37,770.0
23,37,870.0
24,37,930.0
25,37,1060.0
26,37,1160.0
27,37,1270.0
28,37,1350.0
29,37,1410.0
30,37,1520.0
31,37,1640.0
32,37,1700.0
33,37,1810.0
34,37,1850.0
35,37,2020.0
36,37,2130.0
37,37,2380.0
38,37,2470.0
39,37,2590.0
40,37,2780.0
41,37,2940.0
42,37,3100.0
43,37,3230.0
44,37,3420.0
45,37,3510.0
46,37,3670.0
47,37,3830.0
48,37,3990.0
49,37,4150.0
50,37,4330.0
51,37,4500.0
52,37,4680.0
53,37,4870.0
54,37,5050.0
55,37,5240.0
56,37,5440.0
57,37,5630.0
58,37,5840.0
59,37,6040.0
60,37,6250.0
61,37,6410.0
62,37,6610.0
63,37,6800.0
64,37,6990.0
65,37,7180.0
66,37,7380.0
67,37,7570.0
68,37,7760.0
69,37,7950.0
70,37,8150.0
4,38,30.0
5,38,40.0
6,38,60.0
7,38,70.0
8,38,80.0
9,38,110.0
10,38,140.0
11,38,170.0
12,38,190.0
13,38,230.0
14,38,270.0
15,38,340.0
16,38,380.0
17,38,440.0
18,38,510.0
19,38,570.0
20,38,660.0
21,38,720.0
22,38,790.0
23,38,890.0
24,38,960.0
25,38,1090.0
26,38,1190.0
27,38,1300.0
28,38,1380.0
29,38,1450.0
30,38,1560.0
31,38,1690.0
32,38,1750.0
33,38,1860.0
34,38,1900.0
35,38,2080.0
36,38,2190.0
37,38,2440.0
38,38,2540.0
39,38,2660.0
40,38,2860.0
41,38,3020.0
42,38,3190.0
43,38,3310.0
44,38,3520.0
45,38,3610.0
46,38,3760.0
47,38,3930.0
48,38,4100.0
49,38,4270.0
50,38,4450.0
51,38,4620.0
52,38,4810.0
53,38,5000.0
54,38,5190.0
55,38,5380.0
56,38,5580.0
57,38,5780.0
58,38,5990.0
59,38,6200.0
60,38,6420.0
61,38,6580.0
62,38,6780.0
63,38,6980.0
64,38,7170.0
65,38,7370.0
66,38,7570.0
67,38,7760.0
68,38,7960.0
69,38,8160.0
70,38,8360.0
4,39,30.0
5,39,40.0
6,39,60.0
7,39,70.0
8,39,90.0
9,39,110.0
10,39,150.0
11,39,180.0
12,39,190.0
13,39,240.0
14,39,280.0
15,39,350.0
16,39,390.0
17,39,450.0
18,39,520.0
19,39,580.0
20,39,680.0
21,39,740.0
22,39,810.0
23,39,920.0
24,39,980.0
25,39,1120.0
26,39,1220.0
27,39,1330.0
28,39,1420.0
29,39,1480.0
30,39,1600.0
31,39,1730.0
32,39,1790.0
33,39,1910.0
34,39,1950.0
35,39,2130.0
36,39,2250.0
37,39,2510.0
38,39,2600.0
39,39,2730.0
40,39,2930.0
41,39,3100.0
42,39,3270.0
43,39,3400.0
44,39,3610.0
45,39,3700.0
46,39,3860.0
47,39,4040.0
48,39,4210.0
49,39,4380.0
50,39,4560.0
51,39,4740.0
52,39,4930.0
53,39,5130.0
54,39,5320.0
55,39,5520.0
56,39,5730.0
57,39,5940.0
58,39,6150.0
59,39,6370.0
60,39,6590.0
61,39,6760.0
62,39,6970.0
63,39,7170.0
64,39,7370.0
65,39,7580.0
66,39,7780.0
67,39,7980.0
68,39,8190.0
69,39,8390.0
70,39,8590.0
4,40,30.0
5,40,40.0
6,40,60.0
7,40,70.0
8,40,90.0
9,40,120.0
10,40,150.0
11,40,180.0
12,40,200.0
13,40,240.0
14,40,290.0
15,40,360.0
16,40,400.0
17,40,460.0
18,40,530.0
19,40,600.0
20,40,700.0
21,40,760.0
22,40,840.0
23,40,940.0
24,40,1010.0
25,40,1150.0
26,40,1250.0
27,40,1370.0
28,40,1460.0
29,40,1520.0
30,40,1640.0
31,40,1780.0
32,40,1840.0
33,40,1960.0
34,40,2000.0
35,40,2190.0
36,40,2310.0
37,40,2570.0
38,40,2670.0
39,40,2800.0
40,40,3010.0
41,40,3180.0
42,40,3360.0
43,40,3490.0
44,40,3700.0
45,40,3800.0
46,40,3960.0
47,40,4140.0
48,40,4320.0
49,40,4490.0
50,40,4680.0
51,40,4870.0
52,40,5060.0
53,40,5260.0
54,40,5460.0
55,40,5660.0
56,40,5880.0
57,40,6090.0
58,40,6310.0
59,40,6530.0
60,40,6760.0
61,40,6930.0
62,40,7140.0
63,40,7350.0
64,40,7560.0
65,40,7770.0
66,40,7970.0
67,40,8180.0
68,40,8390.0
69,40,8600.0
70,40,8810.0
